task,n,api_calls_per_episode,unsafe_B,unsafe_C,false_reject_B,false_reject_C
confident_semantic_misread,1,1,3,3,2,2
confident_semantic_misread,2,2,0,4,0,0
confident_semantic_misread,3,3,2,7,0,0
confident_semantic_misread,4,4,0,12,0,0
confident_semantic_misread,5,5,0,4,0,0
confident_semantic_misread,10,10,0,2,0,0
confident_semantic_misread,15,15,0,2,0,0
confident_semantic_misread,20,20,0,2,0,0
condition_violation,1,1,0,0,11,11
condition_violation,2,2,0,0,7,7
condition_violation,3,3,0,0,13,4
condition_violation,4,4,0,0,12,4
condition_violation,5,5,0,0,13,9
condition_violation,10,10,0,0,14,8
condition_violation,15,15,0,0,15,6
condition_violation,20,20,0,0,15,5
