replicate_id,task,run_id,n,max_H_mismatched_facet
run1,confident_semantic_misread,3,1,0.0
run1,confident_semantic_misread,3,2,1.0
run1,confident_semantic_misread,3,3,0.918
run1,confident_semantic_misread,3,4,0.811
run1,confident_semantic_misread,3,5,0.722
run1,confident_semantic_misread,3,10,0.881
run1,confident_semantic_misread,3,15,0.722
run1,confident_semantic_misread,3,20,0.881
run1,confident_semantic_misread,19,1,0.0
run1,confident_semantic_misread,19,2,1.0
run1,confident_semantic_misread,19,3,0.0
run1,confident_semantic_misread,19,4,1.0
run1,confident_semantic_misread,19,5,0.971
run1,confident_semantic_misread,19,10,1.0
run1,confident_semantic_misread,19,15,0.971
run1,confident_semantic_misread,19,20,0.881
run1,condition_violation,4,1,0.0
run1,condition_violation,4,2,0.0
run1,condition_violation,4,3,0.918
run1,condition_violation,4,4,0.811
run1,condition_violation,4,5,0.971
run1,condition_violation,4,10,0.0
run1,condition_violation,4,15,0.997
run1,condition_violation,4,20,0.934
run2,condition_violation,3,1,0.0
run2,condition_violation,3,2,0.0
run2,condition_violation,3,3,0.918
run2,condition_violation,3,4,0.811
run2,condition_violation,3,5,0.722
run2,condition_violation,3,10,0.881
run2,condition_violation,3,15,0.837
run2,condition_violation,3,20,0.881
