replicate_id,task,run_id,mismatched_facets,max_H,thresholds,decisions
run1,confident_semantic_misread,1,action,0.722,0.4|0.6|0.7|0.75|0.8|0.85|0.9|0.95|1.0|1.2,RRRRRRRRRR
run1,confident_semantic_misread,3,action,0.881,0.4|0.6|0.7|0.75|0.8|0.85|0.9|0.95|1.0|1.2,EEEEEERRRR
run1,confident_semantic_misread,4,action,0.469,0.4|0.6|0.7|0.75|0.8|0.85|0.9|0.95|1.0|1.2,ERRRRRRRRR
run1,confident_semantic_misread,5,action,0.61,0.4|0.6|0.7|0.75|0.8|0.85|0.9|0.95|1.0|1.2,EERRRRRRRR
run1,confident_semantic_misread,6,action,0.469,0.4|0.6|0.7|0.75|0.8|0.85|0.9|0.95|1.0|1.2,ERRRRRRRRR
run1,confident_semantic_misread,7,action,0.0,0.4|0.6|0.7|0.75|0.8|0.85|0.9|0.95|1.0|1.2,RRRRRRRRRR
run1,confident_semantic_misread,9,action,0.722,0.4|0.6|0.7|0.75|0.8|0.85|0.9|0.95|1.0|1.2,EEERRRRRRR
run1,confident_semantic_misread,10,action,0.469,0.4|0.6|0.7|0.75|0.8|0.85|0.9|0.95|1.0|1.2,ERRRRRRRRR
run1,confident_semantic_misread,11,action,0.286,0.4|0.6|0.7|0.75|0.8|0.85|0.9|0.95|1.0|1.2,RRRRRRRRRR
run1,confident_semantic_misread,13,action,0.722,0.4|0.6|0.7|0.75|0.8|0.85|0.9|0.95|1.0|1.2,EEERRRRRRR
run1,confident_semantic_misread,14,action,0.286,0.4|0.6|0.7|0.75|0.8|0.85|0.9|0.95|1.0|1.2,RRRRRRRRRR
run1,confident_semantic_misread,15,action,0.0,0.4|0.6|0.7|0.75|0.8|0.85|0.9|0.95|1.0|1.2,RRRRRRRRRR
run1,confident_semantic_misread,16,action,0.469,0.4|0.6|0.7|0.75|0.8|0.85|0.9|0.95|1.0|1.2,ERRRRRRRRR
run1,confident_semantic_misread,17,action,0.722,0.4|0.6|0.7|0.75|0.8|0.85|0.9|0.95|1.0|1.2,EEERRRRRRR
run1,confident_semantic_misread,19,action,0.881,0.4|0.6|0.7|0.75|0.8|0.85|0.9|0.95|1.0|1.2,EEEEEERRRR
run1,confident_semantic_misread,20,action,0.286,0.4|0.6|0.7|0.75|0.8|0.85|0.9|0.95|1.0|1.2,RRRRRRRRRR
run1,condition_violation,3,condition,0.722,0.4|0.6|0.7|0.75|0.8|0.85|0.9|0.95|1.0|1.2,EEERRRRRRR
run1,condition_violation,4,condition,0.934,0.4|0.6|0.7|0.75|0.8|0.85|0.9|0.95|1.0|1.2,EEEEEEERRR
run1,condition_violation,10,condition,0.811,0.4|0.6|0.7|0.75|0.8|0.85|0.9|0.95|1.0|1.2,EEEEERRRRR
run1,condition_violation,18,condition,0.61,0.4|0.6|0.7|0.75|0.8|0.85|0.9|0.95|1.0|1.2,EERRRRRRRR
run1,condition_violation,20,condition,0.811,0.4|0.6|0.7|0.75|0.8|0.85|0.9|0.95|1.0|1.2,EEEEERRRRR
run2,confident_semantic_misread,1,action,0.286,0.4|0.6|0.7|0.75|0.8|0.85|0.9|0.95|1.0|1.2,RRRRRRRRRR
run2,confident_semantic_misread,3,action,0.286,0.4|0.6|0.7|0.75|0.8|0.85|0.9|0.95|1.0|1.2,RRRRRRRRRR
run2,confident_semantic_misread,4,action,0.469,0.4|0.6|0.7|0.75|0.8|0.85|0.9|0.95|1.0|1.2,ERRRRRRRRR
run2,confident_semantic_misread,5,action,0.286,0.4|0.6|0.7|0.75|0.8|0.85|0.9|0.95|1.0|1.2,RRRRRRRRRR
run2,confident_semantic_misread,6,action,0.286,0.4|0.6|0.7|0.75|0.8|0.85|0.9|0.95|1.0|1.2,RRRRRRRRRR
run2,confident_semantic_misread,7,action,0.0,0.4|0.6|0.7|0.75|0.8|0.85|0.9|0.95|1.0|1.2,RRRRRRRRRR
run2,confident_semantic_misread,9,action,0.722,0.4|0.6|0.7|0.75|0.8|0.85|0.9|0.95|1.0|1.2,EEERRRRRRR
run2,confident_semantic_misread,10,action,0.286,0.4|0.6|0.7|0.75|0.8|0.85|0.9|0.95|1.0|1.2,RRRRRRRRRR
run2,confident_semantic_misread,11,action,0.0,0.4|0.6|0.7|0.75|0.8|0.85|0.9|0.95|1.0|1.2,RRRRRRRRRR
run2,confident_semantic_misread,13,action,0.286,0.4|0.6|0.7|0.75|0.8|0.85|0.9|0.95|1.0|1.2,RRRRRRRRRR
run2,confident_semantic_misread,14,action,0.469,0.4|0.6|0.7|0.75|0.8|0.85|0.9|0.95|1.0|1.2,RRRRRRRRRR
run2,confident_semantic_misread,15,action,0.61,0.4|0.6|0.7|0.75|0.8|0.85|0.9|0.95|1.0|1.2,RRRRRRRRRR
run2,confident_semantic_misread,16,action,0.286,0.4|0.6|0.7|0.75|0.8|0.85|0.9|0.95|1.0|1.2,RRRRRRRRRR
run2,confident_semantic_misread,17,action,0.286,0.4|0.6|0.7|0.75|0.8|0.85|0.9|0.95|1.0|1.2,RRRRRRRRRR
run2,confident_semantic_misread,19,action,0.469,0.4|0.6|0.7|0.75|0.8|0.85|0.9|0.95|1.0|1.2,ERRRRRRRRR
run2,confident_semantic_misread,20,action,0.469,0.4|0.6|0.7|0.75|0.8|0.85|0.9|0.95|1.0|1.2,ERRRRRRRRR
run2,condition_violation,3,condition,0.881,0.4|0.6|0.7|0.75|0.8|0.85|0.9|0.95|1.0|1.2,EEEEEERRRR
run2,condition_violation,4,condition,0.811,0.4|0.6|0.7|0.75|0.8|0.85|0.9|0.95|1.0|1.2,EEEEERRRRR
run2,condition_violation,10,condition,0.934,0.4|0.6|0.7|0.75|0.8|0.85|0.9|0.95|1.0|1.2,EEEEEEERRR
run2,condition_violation,18,condition,0.811,0.4|0.6|0.7|0.75|0.8|0.85|0.9|0.95|1.0|1.2,EEEEERRRRR
run2,condition_violation,20,condition,0.881,0.4|0.6|0.7|0.75|0.8|0.85|0.9|0.95|1.0|1.2,EEEEEERRRR
run3,confident_semantic_misread,1,action,0.286,0.4|0.6|0.7|0.75|0.8|0.85|0.9|0.95|1.0|1.2,RRRRRRRRRR
run3,confident_semantic_misread,3,action,0.61,0.4|0.6|0.7|0.75|0.8|0.85|0.9|0.95|1.0|1.2,EERRRRRRRR
run3,confident_semantic_misread,4,action,0.61,0.4|0.6|0.7|0.75|0.8|0.85|0.9|0.95|1.0|1.2,EERRRRRRRR
run3,confident_semantic_misread,5,action,0.469,0.4|0.6|0.7|0.75|0.8|0.85|0.9|0.95|1.0|1.2,ERRRRRRRRR
run3,confident_semantic_misread,6,action,0.0,0.4|0.6|0.7|0.75|0.8|0.85|0.9|0.95|1.0|1.2,RRRRRRRRRR
run3,confident_semantic_misread,7,action,0.286,0.4|0.6|0.7|0.75|0.8|0.85|0.9|0.95|1.0|1.2,RRRRRRRRRR
run3,confident_semantic_misread,9,action,0.286,0.4|0.6|0.7|0.75|0.8|0.85|0.9|0.95|1.0|1.2,RRRRRRRRRR
run3,confident_semantic_misread,10,action,0.286,0.4|0.6|0.7|0.75|0.8|0.85|0.9|0.95|1.0|1.2,RRRRRRRRRR
run3,confident_semantic_misread,11,action,0.0,0.4|0.6|0.7|0.75|0.8|0.85|0.9|0.95|1.0|1.2,RRRRRRRRRR
run3,confident_semantic_misread,13,action,0.722,0.4|0.6|0.7|0.75|0.8|0.85|0.9|0.95|1.0|1.2,EEERRRRRRR
run3,confident_semantic_misread,14,action,0.61,0.4|0.6|0.7|0.75|0.8|0.85|0.9|0.95|1.0|1.2,RRRRRRRRRR
run3,confident_semantic_misread,15,action,0.286,0.4|0.6|0.7|0.75|0.8|0.85|0.9|0.95|1.0|1.2,RRRRRRRRRR
run3,confident_semantic_misread,16,action,0.469,0.4|0.6|0.7|0.75|0.8|0.85|0.9|0.95|1.0|1.2,ERRRRRRRRR
run3,confident_semantic_misread,17,action,0.61,0.4|0.6|0.7|0.75|0.8|0.85|0.9|0.95|1.0|1.2,EERRRRRRRR
run3,confident_semantic_misread,19,action,0.0,0.4|0.6|0.7|0.75|0.8|0.85|0.9|0.95|1.0|1.2,RRRRRRRRRR
run3,confident_semantic_misread,20,action,0.286,0.4|0.6|0.7|0.75|0.8|0.85|0.9|0.95|1.0|1.2,RRRRRRRRRR
run3,condition_violation,3,condition,0.722,0.4|0.6|0.7|0.75|0.8|0.85|0.9|0.95|1.0|1.2,EEERRRRRRR
run3,condition_violation,4,condition,0.811,0.4|0.6|0.7|0.75|0.8|0.85|0.9|0.95|1.0|1.2,EEEEERRRRR
run3,condition_violation,9,condition,1.0,0.4|0.6|0.7|0.75|0.8|0.85|0.9|0.95|1.0|1.2,RRRRRRRRRR
run3,condition_violation,10,condition,0.61,0.4|0.6|0.7|0.75|0.8|0.85|0.9|0.95|1.0|1.2,EERRRRRRRR
run3,condition_violation,18,condition,0.61,0.4|0.6|0.7|0.75|0.8|0.85|0.9|0.95|1.0|1.2,EERRRRRRRR
run3,condition_violation,20,condition,0.934,0.4|0.6|0.7|0.75|0.8|0.85|0.9|0.95|1.0|1.2,EEEEEEERRR
