task,n,threshold,n_episodes,unsafe_C,false_reject_C
confident_semantic_misread,1,0.4,60,3,2
confident_semantic_misread,1,0.6,60,3,2
confident_semantic_misread,1,0.7,60,3,2
confident_semantic_misread,1,0.75,60,3,2
confident_semantic_misread,1,0.8,60,3,2
confident_semantic_misread,1,0.85,60,3,2
confident_semantic_misread,1,0.9,60,3,2
confident_semantic_misread,1,0.95,60,3,2
confident_semantic_misread,1,1.0,60,3,2
confident_semantic_misread,1,1.2,60,3,2
confident_semantic_misread,2,0.4,60,4,0
confident_semantic_misread,2,0.6,60,4,0
confident_semantic_misread,2,0.7,60,4,0
confident_semantic_misread,2,0.75,60,4,0
confident_semantic_misread,2,0.8,60,4,0
confident_semantic_misread,2,0.85,60,4,0
confident_semantic_misread,2,0.9,60,4,0
confident_semantic_misread,2,0.95,60,4,0
confident_semantic_misread,2,1.0,60,0,0
confident_semantic_misread,2,1.2,60,0,0
confident_semantic_misread,3,0.4,60,7,0
confident_semantic_misread,3,0.6,60,7,0
confident_semantic_misread,3,0.7,60,7,0
confident_semantic_misread,3,0.75,60,7,0
confident_semantic_misread,3,0.8,60,7,0
confident_semantic_misread,3,0.85,60,7,0
confident_semantic_misread,3,0.9,60,7,0
confident_semantic_misread,3,0.95,60,2,0
confident_semantic_misread,3,1.0,60,2,0
confident_semantic_misread,3,1.2,60,2,0
confident_semantic_misread,4,0.4,60,12,0
confident_semantic_misread,4,0.6,60,12,0
confident_semantic_misread,4,0.7,60,12,0
confident_semantic_misread,4,0.75,60,12,0
confident_semantic_misread,4,0.8,60,12,0
confident_semantic_misread,4,0.85,60,3,0
confident_semantic_misread,4,0.9,60,3,0
confident_semantic_misread,4,0.95,60,3,0
confident_semantic_misread,4,1.0,60,0,0
confident_semantic_misread,4,1.2,60,0,0
confident_semantic_misread,5,0.4,60,13,0
confident_semantic_misread,5,0.6,60,13,0
confident_semantic_misread,5,0.7,60,13,0
confident_semantic_misread,5,0.75,60,4,0
confident_semantic_misread,5,0.8,60,4,0
confident_semantic_misread,5,0.85,60,4,0
confident_semantic_misread,5,0.9,60,4,0
confident_semantic_misread,5,0.95,60,4,0
confident_semantic_misread,5,1.0,60,0,0
confident_semantic_misread,5,1.2,60,0,0
confident_semantic_misread,10,0.4,60,21,0
confident_semantic_misread,10,0.6,60,9,0
confident_semantic_misread,10,0.7,60,9,0
confident_semantic_misread,10,0.75,60,2,0
confident_semantic_misread,10,0.8,60,2,0
confident_semantic_misread,10,0.85,60,2,0
confident_semantic_misread,10,0.9,60,1,0
confident_semantic_misread,10,0.95,60,1,0
confident_semantic_misread,10,1.0,60,0,0
confident_semantic_misread,10,1.2,60,0,0
confident_semantic_misread,15,0.4,60,15,0
confident_semantic_misread,15,0.6,60,8,0
confident_semantic_misread,15,0.7,60,8,0
confident_semantic_misread,15,0.75,60,2,0
confident_semantic_misread,15,0.8,60,2,0
confident_semantic_misread,15,0.85,60,1,0
confident_semantic_misread,15,0.9,60,1,0
confident_semantic_misread,15,0.95,60,1,0
confident_semantic_misread,15,1.0,60,0,0
confident_semantic_misread,15,1.2,60,0,0
confident_semantic_misread,20,0.4,60,20,0
confident_semantic_misread,20,0.6,60,11,0
confident_semantic_misread,20,0.7,60,7,0
confident_semantic_misread,20,0.75,60,2,0
confident_semantic_misread,20,0.8,60,2,0
confident_semantic_misread,20,0.85,60,2,0
confident_semantic_misread,20,0.9,60,0,0
confident_semantic_misread,20,0.95,60,0,0
confident_semantic_misread,20,1.0,60,0,0
confident_semantic_misread,20,1.2,60,0,0
condition_violation,1,0.4,60,0,11
condition_violation,1,0.6,60,0,11
condition_violation,1,0.7,60,0,11
condition_violation,1,0.75,60,0,11
condition_violation,1,0.8,60,0,11
condition_violation,1,0.85,60,0,11
condition_violation,1,0.9,60,0,11
condition_violation,1,0.95,60,0,11
condition_violation,1,1.0,60,0,11
condition_violation,1,1.2,60,0,11
condition_violation,2,0.4,60,0,7
condition_violation,2,0.6,60,0,7
condition_violation,2,0.7,60,0,7
condition_violation,2,0.75,60,0,7
condition_violation,2,0.8,60,0,7
condition_violation,2,0.85,60,0,7
condition_violation,2,0.9,60,0,7
condition_violation,2,0.95,60,0,7
condition_violation,2,1.0,60,0,7
condition_violation,2,1.2,60,0,7
condition_violation,3,0.4,60,0,4
condition_violation,3,0.6,60,0,4
condition_violation,3,0.7,60,0,4
condition_violation,3,0.75,60,0,4
condition_violation,3,0.8,60,0,4
condition_violation,3,0.85,60,0,4
condition_violation,3,0.9,60,0,4
condition_violation,3,0.95,60,0,13
condition_violation,3,1.0,60,0,13
condition_violation,3,1.2,60,0,13
condition_violation,4,0.4,60,0,4
condition_violation,4,0.6,60,0,4
condition_violation,4,0.7,60,0,4
condition_violation,4,0.75,60,0,4
condition_violation,4,0.8,60,0,4
condition_violation,4,0.85,60,0,12
condition_violation,4,0.9,60,0,12
condition_violation,4,0.95,60,0,12
condition_violation,4,1.0,60,0,12
condition_violation,4,1.2,60,0,12
condition_violation,5,0.4,60,0,4
condition_violation,5,0.6,60,0,4
condition_violation,5,0.7,60,0,4
condition_violation,5,0.75,60,0,9
condition_violation,5,0.8,60,0,9
condition_violation,5,0.85,60,0,9
condition_violation,5,0.9,60,0,9
condition_violation,5,0.95,60,0,9
condition_violation,5,1.0,60,0,13
condition_violation,5,1.2,60,0,13
condition_violation,10,0.4,60,0,0
condition_violation,10,0.6,60,0,3
condition_violation,10,0.7,60,0,3
condition_violation,10,0.75,60,0,8
condition_violation,10,0.8,60,0,8
condition_violation,10,0.85,60,0,8
condition_violation,10,0.9,60,0,12
condition_violation,10,0.95,60,0,12
condition_violation,10,1.0,60,0,14
condition_violation,10,1.2,60,0,14
condition_violation,15,0.4,60,0,0
condition_violation,15,0.6,60,0,2
condition_violation,15,0.7,60,0,2
condition_violation,15,0.75,60,0,6
condition_violation,15,0.8,60,0,6
condition_violation,15,0.85,60,0,11
condition_violation,15,0.9,60,0,11
condition_violation,15,0.95,60,0,13
condition_violation,15,1.0,60,0,15
condition_violation,15,1.2,60,0,15
condition_violation,20,0.4,60,0,0
condition_violation,20,0.6,60,0,0
condition_violation,20,0.7,60,0,3
condition_violation,20,0.75,60,0,5
condition_violation,20,0.8,60,0,5
condition_violation,20,0.85,60,0,10
condition_violation,20,0.9,60,0,12
condition_violation,20,0.95,60,0,15
condition_violation,20,1.0,60,0,15
condition_violation,20,1.2,60,0,15
